Zip Code,Building type (service class, Consumption (therms) , Consumption (GJ) ,Utility/Data Source
10300,Commercial,470,50,National Grid
10335,Commercial,647,68,National Grid
10360,Large residential,33762,3562,National Grid
11200,Commercial,32125,3389,National Grid
11200,Institutional,3605,380,National Grid
11200,Small residential,3960,418,National Grid
11254,Small residential,1896,200,National Grid
11274,Commercial,8364,882,National Grid
11279,Commercial,2579,272,National Grid
11279,Large residential,301,32,National Grid
11303,Commercial,13039,1376,National Grid
11303,Small residential,3009,317,National Grid
11313,Small residential,3488,368,National Grid
11314,Small residential,6011,634,National Grid
11315,Commercial,8520,899,National Grid
11315,Institutional,339,36,National Grid
11315,Large residential,335091,35354,National Grid
11315,Small residential,4458,470,National Grid
11323,Commercial,3637,384,National Grid
11332,Commercial,3795,400,National Grid
11335,Large residential,,,National Grid
11337,Commercial,4928,520,National Grid
11343,Small residential,2454,259,National Grid
11350,Commercial,10048,1060,National Grid
11388,Commercial,823,87,National Grid
11400,Commercial,21866,2307,National Grid
11400,Industrial,275,29,National Grid
11400,Institutional,93140,9827,National Grid
11400,Large residential,280,30,National Grid
11400,Small residential,51072,5388,National Grid
11402,Commercial,65,7,National Grid
11403,Small residential,1127,119,National Grid
11438,Institutional,1770,187,National Grid
11441,Small residential,1126,119,National Grid
11446,Small residential,604,64,National Grid
11450,Commercial,455,48,National Grid
11468,Institutional,49184,5189,National Grid
11468,Small residential,1601,169,National Grid
11469,Commercial,151,16,National Grid
11469,Institutional,41819,4412,National Grid
11472,Institutional,7869,830,National Grid
11473,Institutional,40595,4283,National Grid
11473,Small residential,7335,774,National Grid
11474,Large residential,2223970,234641,National Grid
11475,Institutional,8503,897,National Grid
11477,Institutional,22660,2391,National Grid
11477,Large residential,493904,52110,National Grid
11478,Institutional,19018,2007,National Grid
11479,Institutional,21169,2233,National Grid
11485,Institutional,10790,1138,National Grid
11696,Small residential,5218,551,National Grid
"10451(40.820696407114, -73.923841367985)",Commercial,8071587,851598,ConEd
"10468(40.869693003729, -73.898926992487)",Residential,907812,95779,ConEd
"11212(40.662797169953, -73.912984894337)",Institutional,1441719,152109,National Grid
"11420(40.673345242689, -73.817707171649)",Small residential,9694601,1022835,National Grid
"11694(40.576578305644, -73.850777000558)",Commercial,2058660,217200,National Grid
"11210(40.627722263871, -73.946537919989)",Industrial,63151,6663,National Grid
"10309(40.530393118348, -74.218938614326)",Small residential,8086128,853132,National Grid
"10034(40.870617109292, -73.924223258796)",Residential,226754,23924,ConEd
"11422(40.661613493968, -73.736051726406)",Commercial,295,31,ConEd
"10044(40.761976486226, -73.949999674945)",Residential,93171,9830,ConEd
"10010(40.739140782121, -73.982898456399)",Large Residential,212584,22429,ConEd
"11358(40.760350968822, -73.796326458199)",Residential,405678,42801,ConEd
"11426(40.737041384952, -73.724156998946)",Commercial,1380,146,National Grid
"11432(40.71311535449, -73.792820999789)",Commercial,1433501,151242,ConEd
"11237(40.704095739827, -73.920994233997)",Institutional,809265,85382,National Grid
"11220(40.641184928741, -74.016764726711)",Large residential,6756193,712816,National Grid
"11362(40.759074216602, -73.734300177111)",Large Residential,36526,3854,ConEd
"11101(40.745702449808, -73.938669029252)",Residential,182865,19293,ConEd
"11206(40.701912016826, -73.942379198541)",Small residential,5252607,554179,National Grid
"10039(40.826681928628, -73.937770907801)",Residential,471926,49791,ConEd
"10022(40.758630224006, -73.96809182218)",Residential,981692,103574,ConEd
"10314(40.596490302985, -74.165991118795)",Industrial,441639,46595,National Grid
"11226(40.646505002304, -73.957190099144)",Industrial,65835,6946,National Grid
"11420(40.673345242689, -73.817707171649)",Industrial,8901,939,National Grid
"11426(40.737041384952, -73.724156998946)",Small residential,2754,291,National Grid
"10454(40.805846930092, -73.916285046518)",Residential,151124,15944,ConEd
"10002(40.716121467931, -73.985831470246)",Commercial,4230121,446301,ConEd
"11429(40.709913120494, -73.738640316098)",Commercial,717488,75699,National Grid
"11377(40.745193764481, -73.90484714408)",Residential,366911,38711,ConEd
"11211(40.711589765256, -73.958176750756)",Institutional,1200176,126625,National Grid
"10017(40.752456527447, -73.97297648088)",Commercial,2506308,264430,ConEd
"10457(40.845798371298, -73.898324186812)",Residential,1697773,179125,ConEd
"10012(40.725538020863, -73.997896410591)",Large Residential,7190053,758591,ConEd
"11360(40.780701334399, -73.782267336868)",Commercial,17858,1884,ConEd
"11365(40.739871843711, -73.794621535156)",Commercial,1336553,141014,ConEd
"11436(40.675718209128, -73.796465014948)",Large residential,225350,23776,National Grid
"11209(40.623387097237, -74.030652953471)",Commercial,2452630,258766,National Grid
"11223(40.596939623165, -73.973311472047)",Small residential,14240984,1502504,National Grid
"10006(40.708256140309, -74.013553569641)",Residential,15601,1646,ConEd
"10002(40.716121467931, -73.985831470246)",Residential,4509087,475734,ConEd
"10463(40.881871962821, -73.911207480541)",Commercial,7214349,761154,ConEd
"10314(40.596490302985, -74.165991118795)",Institutional,2294516,242084,National Grid
"10065(40.764301213031, -73.963039935445)",Residential,1795744,189461,ConEd
"10006(40.708256140309, -74.013553569641)",Commercial,235511,24848,ConEd
"11365(40.739871843711, -73.794621535156)",Small residential,3378,356,National Grid
"10467(40.877047912132, -73.871532500824)",Commercial,14662,1547,ConEd
"11104(40.744893366636, -73.920541345307)",Commercial,1399157,147619,ConEd
"10466(40.890809730185, -73.846009063068)",Residential,6056272,638971,ConEd
"11370(40.75935377086, -73.8918440004)",Commercial,29295,3091,ConEd
"10451(40.820696407114, -73.923841367985)",Commercial,2168883,228829,ConEd
"10065(40.764301213031, -73.963039935445)",Residential,156086,16468,ConEd
"11367(40.730323085042, -73.82610630716)",Commercial,6820750,719627,ConEd
"11693(40.618303604728, -73.824955315236)",Small residential,948328,100054,National Grid
"11379(40.71679766548, -73.879334213103)",Small residential,6789947,716377,National Grid
"11423(40.717222295672, -73.76714149998)",Residential,261189,27557,ConEd
"10021(40.769205327664, -73.959183941086)",Residential,2002900,211317,ConEd
"10025(40.796850127631, -73.963725810598)",Commercial,8752223,923409,ConEd
"11373(40.738710402563, -73.878351155182)",Residential,5089,537,ConEd
"11210(40.627722263871, -73.946537919989)",Institutional,1837588,193876,National Grid
"10302(40.630833311108, -74.137734298699)",Institutional,644313,67979,National Grid
"11221(40.691288039511, -73.927617927925)",Industrial,50866,5367,National Grid
"10459(40.825526216162, -73.893131067844)",Residential,2246422,237010,ConEd
"11231(40.677554311782, -74.004676704366)",Small residential,5330545,562402,National Grid
"10471(40.901994423104, -73.903626500562)",Residential,2226655,234925,ConEd
"11361(40.764188848137, -73.7723255286)",Residential,290730,30674,ConEd
"11232(40.654511617018, -74.000033929122)",Commercial,3285406,346629,National Grid
"10306(40.566020489654, -74.119945669057)",Institutional,434767,45870,National Grid
"10034(40.870617109292, -73.924223258796)",Commercial,1521876,160566,ConEd
"11004(40.743237834359, -73.712015000192)",Commercial,2555500,269620,ConEd
"11355(40.751299796948, -73.821478547897)",Residential,5458878,575942,ConEd
"11001(40.721390004945, -73.707396928425)",Commercial,375299,39596,ConEd
"10310(40.632789000212, -74.11645860538)",Industrial,20001,2110,National Grid
"10475(40.874142343794, -73.827068565562)",Commercial,11525984,1216056,ConEd
"11361(40.764188848137, -73.7723255286)",Commercial,1616689,170570,ConEd
"11205(40.693882095283, -73.964334507731)",Industrial,949014,100126,National Grid
"11426(40.737041384952, -73.724156998946)",Commercial,529932,55911,ConEd
"10027(40.811549564461, -73.952900335682)",Large Residential,10352199,1092215,ConEd
"10308(40.552935295428, -74.151302759814)",Commercial,565006,59611,National Grid
"11105(40.780092072491, -73.90960650024)",Commercial,2763314,291545,ConEd
"11364(40.74592468038, -73.757902755608)",Residential,269069,28388,ConEd
"11363(40.772398418252, -73.746797887413)",Large Residential,40443,4267,ConEd
"10023(40.774536138232, -73.979943356101)",Large Residential,394079,41578,ConEd
"11429(40.709913120494, -73.738640316098)",Industrial,150862,15917,National Grid
"10007(40.713630519433, -74.009131383706)",Large Residential,12021,1268,ConEd
"10464(40.875709096797, -73.812297250418)",Commercial,602169,63532,ConEd
"11209(40.623387097237, -74.030652953471)",Institutional,2102591,221835,National Grid
"11416(40.684578097002, -73.849601668482)",Commercial,736110,77664,National Grid
"11423(40.717222295672, -73.76714149998)",Small residential,5458466,575899,National Grid
"11216(40.680758670876, -73.949267750906)",Institutional,1015256,107115,National Grid
"10469(40.868181802748, -73.846568687795)",Commercial,1,0,ConEd
"10456(40.830436680009, -73.907765199504)",Residential,600008,63304,ConEd
"11229(40.601233507321, -73.944368541175)",Large residential,13147358,1387120,National Grid
"11697(40.559624370968, -73.910062999708)",Commercial,95842,10112,National Grid
"11360(40.780701334399, -73.782267336868)",Commercial,2307963,243503,ConEd
"10032(40.836930349056, -73.949178521971)",Residential,910692,96083,ConEd
"11428(40.721396964798, -73.741937297268)",Industrial,1772,187,National Grid
"11206(40.701912016826, -73.942379198541)",Commercial,3420403,360872,National Grid
"10011(40.744715266696, -74.00460000029)",Large Residential,400282,42232,ConEd
"11231(40.677554311782, -74.004676704366)",Institutional,346781,36587,National Grid
"10474(40.810882923108, -73.882356362356)",Large Residential,3339390,352324,ConEd
"11201(40.694678258795, -73.989920868353)",Small residential,3575205,377204,National Grid
"10023(40.774536138232, -73.979943356101)",Commercial,1543305,162827,ConEd
"11367(40.730323085042, -73.82610630716)",Large Residential,1724999,181997,ConEd
"10038(40.709359291898, -74.003071862376)",Residential,24457,2580,ConEd
"10307(40.508004527487, -74.242114281948)",Commercial,359769,37958,National Grid
"11422(40.661613493968, -73.736051726406)",Small residential,7114276,750596,National Grid
"10003(40.731943947555, -73.98887214913)",Commercial,5073198,535251,ConEd
"10033(40.856219929206, -73.945859000193)",Commercial,1599674,168775,ConEd
"11426(40.737041384952, -73.724156998946)",Residential,2508430,264653,ConEd
"10065(40.764301213031, -73.963039935445)",Commercial,13811460,1457186,ConEd
"10128(40.781770000585, -73.95062814907)",Commercial,8661160,913801,ConEd
"10037(40.813297761083, -73.937282525568)",Residential,611811,64549,ConEd
"10301(40.626785508445, -74.096112910882)",Small residential,7412235,782032,National Grid
"10031(40.824954205073, -73.950124436094)",Commercial,3819653,402995,ConEd
"10310(40.632789000212, -74.11645860538)",Small residential,5137096,541992,National Grid
"10011(40.744715266696, -74.00460000029)",Commercial,9456458,997709,ConEd
"10461(40.846960590359, -73.840632836736)",Commercial,3657783,385917,ConEd
"10027(40.811549564461, -73.952900335682)",Residential,2542279,268225,ConEd
"10453(40.852786838342, -73.913426784319)",Large Residential,1136648,119923,ConEd
"11252(40.607934094183, -74.02694266727)",Commercial,38852,4099,National Grid
"10030(40.818435176043, -73.942765303576)",Residential,159864,16867,ConEd
"11213(40.671225169206, -73.936443366368)",Institutional,889348,93831,National Grid
"11368(40.749678220374, -73.853040688577)",Commercial,978,103,ConEd
"10463(40.881871962821, -73.911207480541)",Commercial,3561,376,ConEd
"10470(40.900127971928, -73.87122775026)",Residential,236066,24906,ConEd
"10024(40.783625568166, -73.966539000574)",Residential,3988908,420852,ConEd
"10021(40.769205327664, -73.959183941086)",Commercial,6581,694,ConEd
"11203(40.649721601171, -73.934276085673)",Institutional,7869164,830241,National Grid
"11414(40.658170228174, -73.844962639814)",Commercial,1151068,121444,National Grid
"10452(40.837724263364, -73.923332211412)",Commercial,1823135,192351,ConEd
"11428(40.721396964798, -73.741937297268)",Small residential,3960945,417902,National Grid
"11230(40.621929510239, -73.965511060187)",Small residential,11665262,1230750,National Grid
"10026(40.803058121635, -73.953342776048)",Commercial,1153347,121685,ConEd
"11360(40.780701334399, -73.782267336868)",Residential,2617396,276150,ConEd
"10013(40.721242188776, -74.008889000227)",Residential,228453,24103,ConEd
"11435(40.701192649122, -73.809796655791)",Small residential,6630439,699548,National Grid
"10030(40.818435176043, -73.942765303576)",Residential,2016283,212729,ConEd
"10016(40.745242969987, -73.978232985864)",Commercial,7176247,757134,ConEd
"11004(40.743237834359, -73.712015000192)",Commercial,280325,29576,ConEd
"10464(40.875709096797, -73.812297250418)",Residential,1094782,115506,ConEd
"10461(40.846960590359, -73.840632836736)",Residential,587242,61957,ConEd
"11355(40.751299796948, -73.821478547897)",Residential,503099,53080,ConEd
"10308(40.552935295428, -74.151302759814)",Small residential,6910394,729085,National Grid
"10040(40.858095531883, -73.929255489949)",Commercial,717611,75712,ConEd
"11693(40.618303604728, -73.824955315236)",Large residential,2505401,264334,National Grid
"11234(40.61636866748, -73.927732249743)",Institutional,1812535,191233,National Grid
"10075(40.772939491764, -73.956090162631)",Commercial,3374658,356045,ConEd
"11358(40.760350968822, -73.796326458199)",Residential,5983515,631294,ConEd
"11430(40.647229326173, -73.786374952542)",Industrial,563052,59405,National Grid
"10034(40.870617109292, -73.924223258796)",Large Residential,281557,29706,ConEd
"10457(40.845798371298, -73.898324186812)",Commercial,3139507,331236,ConEd
"10009(40.726649358981, -73.979111485007)",Residential,2516364,265491,ConEd
"11415(40.708286075142, -73.828556121568)",Commercial,586484,61877,National Grid
"11235(40.578414108824, -73.940260000099)",Small residential,9977961,1052731,National Grid
"11211(40.711589765256, -73.958176750756)",Small residential,9211590,971874,National Grid
"11423(40.717222295672, -73.76714149998)",Commercial,660047,69639,National Grid
"10306(40.566020489654, -74.119945669057)",Industrial,3660,386,National Grid
"11379(40.71679766548, -73.879334213103)",Large residential,659949,69628,National Grid
"10301(40.626785508445, -74.096112910882)",Institutional,1244001,131249,National Grid
"11217(40.682312101322, -73.979567188575)",Industrial,115795,12217,National Grid
"10306(40.566020489654, -74.119945669057)",Small residential,13376088,1411252,National Grid
"11429(40.709913120494, -73.738640316098)",Residential,796,84,ConEd
"10036(40.759346827194, -73.989860554421)",Commercial,10571859,1115390,ConEd
"11427(40.729310574324, -73.750676021281)",Commercial,1165892,123008,ConEd
"11421(40.691764587566, -73.85702228585)",Industrial,22617,2386,National Grid
"10456(40.830436680009, -73.907765199504)",Residential,1999484,210957,ConEd
"10280(40.709594512277, -74.020224535534)",Commercial,1396819,147372,ConEd
"10305(40.596184688173, -74.075072384883)",Small residential,8586364,905909,National Grid
"11364(40.74592468038, -73.757902755608)",Commercial,768785,81111,ConEd
"11363(40.772398418252, -73.746797887413)",Residential,54273,5726,ConEd
"11373(40.738710402563, -73.878351155182)",Commercial,,,ConEd
"10075(40.772939491764, -73.956090162631)",Residential,110074,11613,ConEd
"10463(40.881871962821, -73.911207480541)",Large Residential,219710,23181,ConEd
"10007(40.713630519433, -74.009131383706)",Commercial,1220273,128746,ConEd
"10305(40.596184688173, -74.075072384883)",Large residential,1136630,119921,National Grid
"10020(40.759498513146, -73.980074397216)",Large Residential,271824,28679,ConEd
"11377(40.745193764481, -73.90484714408)",Commercial,3893626,410799,National Grid
"11374(40.726464917022, -73.861480847563)",Small residential,3149947,332337,National Grid
"10039(40.826681928628, -73.937770907801)",Residential,81485,8597,ConEd
"11428(40.721396964798, -73.741937297268)",Large residential,172865,18238,National Grid
"11363(40.772398418252, -73.746797887413)",Commercial,538595,56825,ConEd
"10469(40.868181802748, -73.846568687795)",Large Residential,18293,1930,ConEd
"10001(40.750259021437, -73.99688630376)",Commercial,7191956,758792,ConEd
"11226(40.646505002304, -73.957190099144)",Commercial,2807970,296257,National Grid
"11428(40.721396964798, -73.741937297268)",Residential,6282,663,ConEd
"11219(40.632772955408, -73.996676811186)",Small residential,13366615,1410253,National Grid
"11358(40.760350968822, -73.796326458199)",Commercial,2055,217,ConEd
"10466(40.890809730185, -73.846009063068)",Residential,891414,94049,ConEd
"11427(40.729310574324, -73.750676021281)",Industrial,14014,1479,National Grid
"11432(40.71311535449, -73.792820999789)",Industrial,106054,11189,National Grid
"10021(40.769205327664, -73.959183941086)",Commercial,5344734,563899,ConEd
"10032(40.836930349056, -73.949178521971)",Large Residential,10872811,1147142,ConEd
"10069(40.778254000322, -73.988541999913)",Residential,44780,4725,ConEd
"10022(40.758630224006, -73.96809182218)",Large Residential,98604,10403,ConEd
"10032(40.836930349056, -73.949178521971)",Commercial,4152807,438144,ConEd
"11368(40.749678220374, -73.853040688577)",Large residential,6347326,669678,National Grid
"10465(40.827628067581, -73.822413141353)",Commercial,1220820,128803,ConEd
"11370(40.75935377086, -73.8918440004)",Small residential,5080675,536040,National Grid
"10010(40.739140782121, -73.982898456399)",Commercial,2096300,221171,ConEd
"11225(40.663170058551, -73.953701109119)",Small residential,4686218,494422,National Grid
"10458(40.862601328688, -73.884790015047)",Large Residential,2881283,303991,ConEd
"11378(40.721453104977, -73.908543500682)",Large residential,618419,65247,National Grid
"11205(40.693882095283, -73.964334507731)",Small residential,3834731,404586,National Grid
"11369(40.763413273704, -73.872378898667)",Institutional,168544,17782,National Grid
"11420(40.673345242689, -73.817707171649)",Commercial,8380985,884241,National Grid
"10075(40.772939491764, -73.956090162631)",Residential,1035531,109254,ConEd
"11243(40.685030000035, -73.978075000161)",Commercial,558,59,National Grid
"10302(40.630833311108, -74.137734298699)",Large residential,321677,33939,National Grid
"10029(40.791610720558, -73.944032281065)",Commercial,2344076,247313,ConEd
"11223(40.596939623165, -73.973311472047)",Commercial,2376036,250685,National Grid
"10303(40.633032309993, -74.16834884982)",Small residential,4136073,436379,National Grid
"11367(40.730323085042, -73.82610630716)",Small residential,1753,185,National Grid
"10459(40.825526216162, -73.893131067844)",Commercial,5960440,628860,ConEd
"10044(40.761976486226, -73.949999674945)",Commercial,234470,24738,ConEd
"10467(40.877047912132, -73.871532500824)",Commercial,3067369,323625,ConEd
"10461(40.846960590359, -73.840632836736)",Residential,4848889,511585,ConEd
"11230(40.621929510239, -73.965511060187)",Large residential,12513612,1320256,National Grid
"11218(40.64322700852, -73.976448622106)",Commercial,2009772,212042,National Grid
"11103(40.762868930257, -73.91327185811)",Commercial,1904692,200956,ConEd
"11694(40.576578305644, -73.850777000558)",Small residential,4716368,497603,National Grid
"11385(40.701224891615, -73.88334858437)",Large residential,5367560,566308,National Grid
"10467(40.877047912132, -73.871532500824)",Large Residential,4811979,507691,ConEd
"10465(40.827628067581, -73.822413141353)",Residential,6724287,709450,ConEd
"10007(40.713630519433, -74.009131383706)",Commercial,981522,103556,ConEd
"10018(40.756840774582, -73.996691499813)",Residential,21822,2302,ConEd
"11692(40.59313388562, -73.795402084638)",Small residential,2194609,231544,National Grid
"11372(40.751630739367, -73.883612545283)",Large residential,14227014,1501030,National Grid
"11106(40.761699790013, -73.931663252957)",Residential,1827237,192784,ConEd
"11426(40.737041384952, -73.724156998946)",Commercial,1716958,181149,ConEd
"10457(40.845798371298, -73.898324186812)",Commercial,5354415,564921,ConEd
"11103(40.762868930257, -73.91327185811)",Large Residential,80092,8450,ConEd
"11357(40.786284041475, -73.811232061011)",Residential,6962862,734621,ConEd
"11109(40.744414792409, -73.957702346686)",Commercial,752231,79365,ConEd
"11385(40.701224891615, -73.88334858437)",Industrial,1048061,110576,National Grid
"10308(40.552935295428, -74.151302759814)",Large residential,77333,8159,National Grid
"11105(40.780092072491, -73.90960650024)",Large Residential,23820,2513,ConEd
"11213(40.671225169206, -73.936443366368)",Large residential,10763716,1135632,National Grid
"11370(40.75935377086, -73.8918440004)",Institutional,1231730,129954,National Grid
"10302(40.630833311108, -74.137734298699)",Small residential,3521474,371535,National Grid
"10001(40.750259021437, -73.99688630376)",Commercial,4628579,488341,ConEd
"10460(40.843090348041, -73.87860282506)",Commercial,6492444,684989,ConEd
"11411(40.694293339066, -73.735683291251)",Industrial,4193,442,National Grid
"11211(40.711589765256, -73.958176750756)",Industrial,1046750,110438,National Grid
"11228(40.616540714083, -74.013277847395)",Industrial,543497,57342,National Grid
"11229(40.601233507321, -73.944368541175)",Small residential,12866878,1357528,National Grid
"11215(40.665557251366, -73.979681535574)",Large residential,6712652,708222,National Grid
"10014(40.733586451354, -74.010199604728)",Residential,3950218,416770,ConEd
"11417(40.676363730802, -73.844542755344)",Large residential,287216,30303,National Grid
"11427(40.729310574324, -73.750676021281)",Commercial,141057,14882,National Grid
"11423(40.717222295672, -73.76714149998)",Residential,21201,2237,ConEd
"11377(40.745193764481, -73.90484714408)",Institutional,811937,85664,National Grid
"10019(40.76761164716, -73.991805500224)",Residential,1511255,159446,ConEd
"10012(40.725538020863, -73.997896410591)",Residential,178497,18832,ConEd
"11106(40.761699790013, -73.931663252957)",Commercial,2708112,285721,ConEd
"11415(40.708286075142, -73.828556121568)",Commercial,887,94,ConEd
"11209(40.623387097237, -74.030652953471)",Small residential,9963344,1051189,National Grid
"11428(40.721396964798, -73.741937297268)",Commercial,65563,6917,ConEd
"10312(40.542955977337, -74.180376817236)",Institutional,273950,28903,National Grid
"11105(40.780092072491, -73.90960650024)",Commercial,3603071,380144,ConEd
"10009(40.726649358981, -73.979111485007)",Residential,186224,19648,ConEd
"10002(40.716121467931, -73.985831470246)",Commercial,12107072,1277364,ConEd
"10459(40.825526216162, -73.893131067844)",Large Residential,62003,6542,ConEd
"11224(40.576304656335, -73.999532000401)",Institutional,455120,48018,National Grid
"10471(40.901994423104, -73.903626500562)",Commercial,2240882,236426,ConEd
"10038(40.709359291898, -74.003071862376)",Commercial,1452146,153210,ConEd
"10037(40.813297761083, -73.937282525568)",Commercial,2164822,228401,ConEd
"11234(40.61636866748, -73.927732249743)",Commercial,6157277,649627,National Grid
"11421(40.691764587566, -73.85702228585)",Small residential,7298987,770084,National Grid
"10017(40.752456527447, -73.97297648088)",Large Residential,258733,27298,ConEd
"10470(40.900127971928, -73.87122775026)",Commercial,841945,88830,ConEd
"11236(40.640021493797, -73.901121939926)",Commercial,3108542,327969,National Grid
"11693(40.618303604728, -73.824955315236)",Commercial,948937,100118,National Grid
"11422(40.661613493968, -73.736051726406)",Commercial,519522,54812,National Grid
"11368(40.749678220374, -73.853040688577)",Small residential,11110386,1172208,National Grid
"11370(40.75935377086, -73.8918440004)",Large residential,1074379,113353,National Grid
"11252(40.607934094183, -74.02694266727)",Institutional,301262,31785,National Grid
"10019(40.76761164716, -73.991805500224)",Commercial,2660,281,ConEd
"11385(40.701224891615, -73.88334858437)",Small residential,15255284,1609518,National Grid
"10027(40.811549564461, -73.952900335682)",Residential,331029,34925,ConEd
"10281(40.714330000429, -74.015196999742)",Commercial,34332,3622,ConEd
"11217(40.682312101322, -73.979567188575)",Small residential,4615326,486943,National Grid
"10460(40.843090348041, -73.87860282506)",Large Residential,121201,12787,ConEd
"11216(40.680758670876, -73.949267750906)",Industrial,50669,5346,National Grid
"11426(40.737041384952, -73.724156998946)",Residential,233178,24602,ConEd
"10451(40.820696407114, -73.923841367985)",Residential,697652,73606,ConEd
"10301(40.626785508445, -74.096112910882)",Large residential,3780433,398857,National Grid
"11209(40.623387097237, -74.030652953471)",Large residential,10004300,1055510,National Grid
"11205(40.693882095283, -73.964334507731)",Institutional,566498,59769,National Grid
"10128(40.781770000585, -73.95062814907)",Residential,263835,27836,ConEd
"11357(40.786284041475, -73.811232061011)",Commercial,1271449,134145,ConEd
"10474(40.810882923108, -73.882356362356)",Residential,114041,12032,ConEd
"11214(40.604011809897, -74.000969000119)",Institutional,855968,90309,National Grid
"10026(40.803058121635, -73.953342776048)",Residential,2349135,247847,ConEd
"10473(40.817731470931, -73.860537000082)",Commercial,1408773,148633,ConEd
"11228(40.616540714083, -74.013277847395)",Large residential,761559,80349,National Grid
"11363(40.772398418252, -73.746797887413)",Commercial,151243,15957,ConEd
"11207(40.670802431187, -73.893841150049)",Industrial,1355364,142998,National Grid
"10453(40.852786838342, -73.913426784319)",Residential,1591607,167923,ConEd
"11239(40.64949607998, -73.865524999879)",Large residential,33558083,3540566,National Grid
"11369(40.763413273704, -73.872378898667)",Commercial,1994597,210441,National Grid
"10280(40.709594512277, -74.020224535534)",Commercial,103950,10967,ConEd
"10463(40.881871962821, -73.911207480541)",Residential,1918613,202424,ConEd
"11235(40.578414108824, -73.940260000099)",Large residential,15358828,1620442,National Grid
"10012(40.725538020863, -73.997896410591)",Commercial,3676344,387875,ConEd
"10475(40.874142343794, -73.827068565562)",Residential,9204,971,ConEd
"11218(40.64322700852, -73.976448622106)",Industrial,441018,46530,National Grid
"10466(40.890809730185, -73.846009063068)",Commercial,2343491,247251,ConEd
"11360(40.780701334399, -73.782267336868)",Residential,45219,4771,ConEd
"11224(40.576304656335, -73.999532000401)",Large residential,36143134,3813303,National Grid
"11418(40.696370412365, -73.840310249918)",Large residential,1398053,147502,National Grid
"10281(40.714330000429, -74.015196999742)",Commercial,37094,3914,ConEd
"10305(40.596184688173, -74.075072384883)",Institutional,8441661,890643,National Grid
"11101(40.745702449808, -73.938669029252)",Commercial,7992026,843203,ConEd
"11372(40.751630739367, -73.883612545283)",Industrial,48106,5075,National Grid
"10473(40.817731470931, -73.860537000082)",Residential,233862,24674,ConEd
"11432(40.71311535449, -73.792820999789)",Institutional,1307797,137980,National Grid
"10020(40.759498513146, -73.980074397216)",Commercial,194595,20531,ConEd
"11214(40.604011809897, -74.000969000119)",Industrial,285392,30110,National Grid
"11371(40.775567374635, -73.870865499743)",Institutional,1065320,112397,National Grid
"10004(40.688827825344, -74.019112505837)",Commercial,1726800,182187,ConEd
"11378(40.721453104977, -73.908543500682)",Industrial,2809327,296400,National Grid
"11433(40.698104881735, -73.787574033914)",Large residential,5080122,535981,National Grid
"10454(40.805846930092, -73.916285046518)",Commercial,2249303,237314,ConEd
"11434(40.676945262114, -73.775306901692)",Commercial,2955224,311793,National Grid
"11435(40.701192649122, -73.809796655791)",Commercial,79476,8385,ConEd
"11427(40.729310574324, -73.750676021281)",Large residential,2347279,247651,National Grid
"11358(40.760350968822, -73.796326458199)",Commercial,1898565,200309,ConEd
"11256(40.662351000099, -73.860115000407)",Institutional,277857,29315,National Grid
"10472(40.829730432513, -73.870132131393)",Commercial,1887751,199168,ConEd
"10027(40.811549564461, -73.952900335682)",Commercial,25473,2688,ConEd
"11422(40.661613493968, -73.736051726406)",Large residential,149873,15812,National Grid
"11412(40.698127117473, -73.759235198346)",Large residential,151333,15966,National Grid
"11427(40.729310574324, -73.750676021281)",Large Residential,1587862,167528,ConEd
"10036(40.759346827194, -73.989860554421)",Large Residential,395037,41679,ConEd
"10001(40.750259021437, -73.99688630376)",Residential,1476126,155740,ConEd
"10030(40.818435176043, -73.942765303576)",Commercial,4456113,470145,ConEd
"11104(40.744893366636, -73.920541345307)",Residential,329490,34763,ConEd
"11237(40.704095739827, -73.920994233997)",Industrial,2133783,225126,National Grid
"11356(40.784928096754, -73.841810700403)",Residential,268003,28276,ConEd
"10044(40.761976486226, -73.949999674945)",Commercial,1496982,157940,ConEd
"11374(40.726464917022, -73.861480847563)",Commercial,1938527,204525,National Grid
"11201(40.694678258795, -73.989920868353)",Commercial,13571483,1431867,National Grid
"10065(40.764301213031, -73.963039935445)",Commercial,2130613,224792,ConEd
"11221(40.691288039511, -73.927617927925)",Commercial,1761754,185875,National Grid
"11212(40.662797169953, -73.912984894337)",Small residential,7377894,778409,National Grid
"10314(40.596490302985, -74.165991118795)",Large residential,2046659,215934,National Grid
"10307(40.508004527487, -74.242114281948)",Institutional,163208,17219,National Grid
"11235(40.578414108824, -73.940260000099)",Institutional,2091533,220668,National Grid
"11201(40.694678258795, -73.989920868353)",Industrial,3887016,410102,National Grid
"11430(40.647229326173, -73.786374952542)",Commercial,7251275,765050,National Grid
"11222(40.728253121784, -73.947159783197)",Industrial,1309400,138149,National Grid
"11418(40.696370412365, -73.840310249918)",Commercial,1462567,154309,National Grid
"11423(40.717222295672, -73.76714149998)",Industrial,194292,20499,National Grid
"10036(40.759346827194, -73.989860554421)",Residential,73600,7765,ConEd
"11001(40.721390004945, -73.707396928425)",Residential,703063,74177,ConEd
"10016(40.745242969987, -73.978232985864)",Large Residential,87331,9214,ConEd
"11432(40.71311535449, -73.792820999789)",Residential,1830443,193122,ConEd
"10001(40.750259021437, -73.99688630376)",Residential,58338,6155,ConEd
"11423(40.717222295672, -73.76714149998)",Commercial,23,2,ConEd
"10034(40.870617109292, -73.924223258796)",Residential,473019,49906,ConEd
"11218(40.64322700852, -73.976448622106)",Large residential,8839578,932625,National Grid
"11416(40.684578097002, -73.849601668482)",Large residential,138988,14664,National Grid
"10452(40.837724263364, -73.923332211412)",Residential,986430,104074,ConEd
"10033(40.856219929206, -73.945859000193)",Residential,628133,66272,ConEd
"11356(40.784928096754, -73.841810700403)",Commercial,2415327,254831,ConEd
"10475(40.874142343794, -73.827068565562)",Commercial,755111,79668,ConEd
"11223(40.596939623165, -73.973311472047)",Institutional,1093448,115365,National Grid
"10035(40.793817035428, -73.919317500202)",Commercial,2154540,227316,ConEd
"11421(40.691764587566, -73.85702228585)",Institutional,154578,16309,National Grid
"11238(40.67886241347, -73.963820469639)",Commercial,2045915,215855,National Grid
"10303(40.633032309993, -74.16834884982)",Commercial,1062619,112112,National Grid
"11413(40.669711181226, -73.750873933285)",Commercial,639059,67424,National Grid
"11204(40.619055848049, -73.984798598876)",Small residential,14470621,1526732,National Grid
"11363(40.772398418252, -73.746797887413)",Residential,1706804,180077,ConEd
"11238(40.67886241347, -73.963820469639)",Institutional,1006041,106143,National Grid
"11357(40.786284041475, -73.811232061011)",Residential,324086,34193,ConEd
"11419(40.688713790409, -73.822888330532)",Large residential,221654,23386,National Grid
"10022(40.758630224006, -73.96809182218)",Commercial,2849019,300587,ConEd
"10027(40.811549564461, -73.952900335682)",Commercial,2931338,309273,ConEd
"11375(40.72070726303, -73.846284296083)",Industrial,483373,50999,National Grid
"11239(40.64949607998, -73.865524999879)",Small residential,187050,19735,National Grid
"10003(40.731943947555, -73.98887214913)",Residential,260502,27484,ConEd
"10012(40.725538020863, -73.997896410591)",Commercial,2987748,315224,ConEd
"11375(40.72070726303, -73.846284296083)",Large residential,15937171,1681461,National Grid
"11217(40.682312101322, -73.979567188575)",Large residential,7818509,824896,National Grid
"10461(40.846960590359, -73.840632836736)",Commercial,3065943,323474,ConEd
"11379(40.71679766548, -73.879334213103)",Industrial,168135,17739,National Grid
"10310(40.632789000212, -74.11645860538)",Institutional,256154,27026,National Grid
"10304(40.591229442585, -74.111328000087)",Commercial,1445743,152534,National Grid
"10471(40.901994423104, -73.903626500562)",Residential,128800,13589,ConEd
"11236(40.640021493797, -73.901121939926)",Small residential,19201617,2025878,National Grid
"10312(40.542955977337, -74.180376817236)",Commercial,1174629,123930,National Grid
"10282(40.719614557066, -74.014649282938)",Commercial,1704836,179870,ConEd
"11419(40.688713790409, -73.822888330532)",Industrial,95925,10121,National Grid
"11109(40.744414792409, -73.957702346686)",Commercial,45899,4843,ConEd
"11362(40.759074216602, -73.734300177111)",Residential,2911498,307179,ConEd
"11222(40.728253121784, -73.947159783197)",Large residential,3928747,414505,National Grid
"11427(40.729310574324, -73.750676021281)",Commercial,661448,69786,ConEd
"11215(40.665557251366, -73.979681535574)",Commercial,5232962,552107,National Grid
"11212(40.662797169953, -73.912984894337)",Commercial,1796469,189538,National Grid
"10007(40.713630519433, -74.009131383706)",Residential,605082,63840,ConEd
"10029(40.791610720558, -73.944032281065)",Residential,1856481,195869,ConEd
"10045(40.70786499997, -74.008144000046)",Commercial,16246,1714,ConEd
"10037(40.813297761083, -73.937282525568)",Residential,33817,3568,ConEd
"11370(40.75935377086, -73.8918440004)",Residential,1414,149,ConEd
"11433(40.698104881735, -73.787574033914)",Small residential,5792993,611193,National Grid
"10455(40.813535754971, -73.905355252043)",Residential,226661,23914,ConEd
"10469(40.868181802748, -73.846568687795)",Commercial,8063164,850709,ConEd
"10019(40.76761164716, -73.991805500224)",Commercial,12204102,1287601,ConEd
"11219(40.632772955408, -73.996676811186)",Commercial,2866327,302414,National Grid
"11040(40.745299961824, -73.679631932268)",Residential,17466,1843,ConEd
"11419(40.688713790409, -73.822888330532)",Commercial,1174701,123938,National Grid
"10033(40.856219929206, -73.945859000193)",Commercial,1766048,186328,ConEd
"11412(40.698127117473, -73.759235198346)",Commercial,522819,55160,National Grid
"10007(40.713630519433, -74.009131383706)",Residential,12845,1355,ConEd
"10006(40.708256140309, -74.013553569641)",Commercial,1361410,143636,ConEd
"11103(40.762868930257, -73.91327185811)",Commercial,2788104,294161,ConEd
"10472(40.829730432513, -73.870132131393)",Residential,2650312,279623,ConEd
"11358(40.760350968822, -73.796326458199)",Commercial,2357195,248697,ConEd
"11361(40.764188848137, -73.7723255286)",Commercial,2049571,216241,ConEd
"10024(40.783625568166, -73.966539000574)",Commercial,926,98,ConEd
"11417(40.676363730802, -73.844542755344)",Institutional,196503,20732,National Grid
"10017(40.752456527447, -73.97297648088)",Residential,168035,17729,ConEd
"11225(40.663170058551, -73.953701109119)",Institutional,1222964,129030,National Grid
"11109(40.744414792409, -73.957702346686)",Residential,175063,18470,ConEd
"11372(40.751630739367, -73.883612545283)",Commercial,3234761,341285,National Grid
"10455(40.813535754971, -73.905355252043)",Residential,1650436,174130,ConEd
"11432(40.71311535449, -73.792820999789)",Residential,77137,8138,ConEd
"11432(40.71311535449, -73.792820999789)",Large Residential,2212791,233462,ConEd
"11101(40.745702449808, -73.938669029252)",Commercial,9475891,999760,ConEd
"11429(40.709913120494, -73.738640316098)",Commercial,755,80,ConEd
"11433(40.698104881735, -73.787574033914)",Commercial,1531565,161589,National Grid
"11417(40.676363730802, -73.844542755344)",Industrial,47683,5031,National Grid
"11205(40.693882095283, -73.964334507731)",Commercial,4023498,424502,National Grid
"11205(40.693882095283, -73.964334507731)",Large residential,11356025,1198124,National Grid
"10014(40.733586451354, -74.010199604728)",Commercial,6034243,636646,ConEd
"11356(40.784928096754, -73.841810700403)",Residential,2618017,276215,ConEd
"11691(40.600614338481, -73.762567774683)",Commercial,7506142,791940,National Grid
"10016(40.745242969987, -73.978232985864)",Commercial,3446607,363636,ConEd
"10467(40.877047912132, -73.871532500824)",Commercial,10790922,1138503,ConEd
"10027(40.811549564461, -73.952900335682)",Commercial,11932340,1258929,ConEd
"11239(40.64949607998, -73.865524999879)",Institutional,274144,28924,National Grid
"10039(40.826681928628, -73.937770907801)",Commercial,430554,45426,ConEd
"11040(40.745299961824, -73.679631932268)",Residential,378066,39888,ConEd
"10464(40.875709096797, -73.812297250418)",Residential,46873,4945,ConEd
"10128(40.781770000585, -73.95062814907)",Commercial,32026,3379,ConEd
"10459(40.825526216162, -73.893131067844)",Residential,317074,33453,ConEd
"10040(40.858095531883, -73.929255489949)",Commercial,1511169,159437,ConEd
"10013(40.721242188776, -74.008889000227)",Commercial,6067132,640116,ConEd
"11374(40.726464917022, -73.861480847563)",Institutional,328460,34654,National Grid
"11206(40.701912016826, -73.942379198541)",Institutional,2486776,262369,National Grid
"10312(40.542955977337, -74.180376817236)",Industrial,13482,1422,National Grid
"11367(40.730323085042, -73.82610630716)",Commercial,970445,102387,ConEd
"11413(40.669711181226, -73.750873933285)",Institutional,394872,41661,National Grid
"11222(40.728253121784, -73.947159783197)",Small residential,4373864,461467,National Grid
"11233(40.678130438169, -73.919776475504)",Large residential,10673659,1126131,National Grid
"11214(40.604011809897, -74.000969000119)",Large residential,7906290,834158,National Grid
"11104(40.744893366636, -73.920541345307)",Residential,1153072,121656,ConEd
"11435(40.701192649122, -73.809796655791)",Large residential,4902151,517204,National Grid
"11040(40.745299961824, -73.679631932268)",Large Residential,3364311,354954,ConEd
"11428(40.721396964798, -73.741937297268)",Residential,69640,7347,ConEd
"11230(40.621929510239, -73.965511060187)",Institutional,3604096,380252,National Grid
"11375(40.72070726303, -73.846284296083)",Institutional,283731,29935,National Grid
"10026(40.803058121635, -73.953342776048)",Commercial,5647551,595848,ConEd
"11422(40.661613493968, -73.736051726406)",Institutional,240378,25361,National Grid
"11238(40.67886241347, -73.963820469639)",Large residential,9649474,1018074,National Grid
"10001(40.750259021437, -73.99688630376)",Large Residential,3616905,381604,ConEd
"11385(40.701224891615, -73.88334858437)",Commercial,3526058,372019,National Grid
"11368(40.749678220374, -73.853040688577)",Institutional,1001098,105621,National Grid
"11365(40.739871843711, -73.794621535156)",Residential,222234,23447,ConEd
"11370(40.75935377086, -73.8918440004)",Commercial,1119225,118085,National Grid
"11354(40.768620220647, -73.827190280707)",Commercial,7628542,804854,ConEd
"11233(40.678130438169, -73.919776475504)",Commercial,1223131,129047,National Grid
"11378(40.721453104977, -73.908543500682)",Commercial,3345377,352956,National Grid
"11106(40.761699790013, -73.931663252957)",Large Residential,66963,7065,ConEd
"10473(40.817731470931, -73.860537000082)",Residential,3609517,380824,ConEd
"10034(40.870617109292, -73.924223258796)",Commercial,1961050,206902,ConEd
"10462(40.842258336653, -73.857996632938)",Commercial,3712204,391658,ConEd
"11413(40.669711181226, -73.750873933285)",Industrial,387601,40894,National Grid
"11421(40.691764587566, -73.85702228585)",Large residential,1299205,137073,National Grid
"10456(40.830436680009, -73.907765199504)",Commercial,14583516,1538643,ConEd
"10451(40.820696407114, -73.923841367985)",Large Residential,3433811,362286,ConEd
"10458(40.862601328688, -73.884790015047)",Residential,1068746,112759,ConEd
"11417(40.676363730802, -73.844542755344)",Small residential,6605848,696954,National Grid
"10028(40.776344978838, -73.952966679569)",Commercial,2078,219,ConEd
"10472(40.829730432513, -73.870132131393)",Residential,827862,87344,ConEd
"11416(40.684578097002, -73.849601668482)",Industrial,141055,14882,National Grid
"11239(40.64949607998, -73.865524999879)",Commercial,487427,51426,National Grid
"10035(40.793817035428, -73.919317500202)",Residential,126399,13336,ConEd
"10025(40.796850127631, -73.963725810598)",Large Residential,3058952,322737,ConEd
"10452(40.837724263364, -73.923332211412)",Commercial,8504273,897248,ConEd
"10002(40.716121467931, -73.985831470246)",Residential,550055,58034,ConEd
"11377(40.745193764481, -73.90484714408)",Commercial,358163,37788,ConEd
"11435(40.701192649122, -73.809796655791)",Residential,6659,703,ConEd
"10301(40.626785508445, -74.096112910882)",Commercial,2358335,248818,National Grid
"11102(40.771524024514, -73.926435450735)",Commercial,3509357,370257,ConEd
"11203(40.649721601171, -73.934276085673)",Industrial,268262,28303,National Grid
"10005(40.706125792072, -74.008584685835)",Residential,27868,2940,ConEd
"10023(40.774536138232, -73.979943356101)",Residential,243744,25716,ConEd
"11354(40.768620220647, -73.827190280707)",Residential,299334,31581,ConEd
"10472(40.829730432513, -73.870132131393)",Commercial,5479605,578129,ConEd
"11230(40.621929510239, -73.965511060187)",Industrial,101877,10749,National Grid
"10464(40.875709096797, -73.812297250418)",Commercial,75,8,ConEd
"11236(40.640021493797, -73.901121939926)",Industrial,805099,84942,National Grid
"11232(40.654511617018, -74.000033929122)",Institutional,1847474,194919,National Grid
"11219(40.632772955408, -73.996676811186)",Industrial,3101780,327255,National Grid
"11217(40.682312101322, -73.979567188575)",Commercial,2720173,286993,National Grid
"10474(40.810882923108, -73.882356362356)",Commercial,2094768,221010,ConEd
"11435(40.701192649122, -73.809796655791)",Commercial,2935798,309743,National Grid
"11433(40.698104881735, -73.787574033914)",Institutional,1519465,160312,National Grid
"11226(40.646505002304, -73.957190099144)",Institutional,994926,104970,National Grid
"11370(40.75935377086, -73.8918440004)",Industrial,37449,3951,National Grid
"10004(40.688827825344, -74.019112505837)",Commercial,1326154,139917,ConEd
"11364(40.74592468038, -73.757902755608)",Residential,4453633,469883,ConEd
"11224(40.576304656335, -73.999532000401)",Small residential,2671212,281828,National Grid
"10458(40.862601328688, -73.884790015047)",Commercial,4109461,433571,ConEd
"10306(40.566020489654, -74.119945669057)",Commercial,1794789,189360,National Grid
"10025(40.796850127631, -73.963725810598)",Residential,507504,53545,ConEd
"11237(40.704095739827, -73.920994233997)",Large residential,4718001,497776,National Grid
"11237(40.704095739827, -73.920994233997)",Commercial,2600827,274402,National Grid
"11418(40.696370412365, -73.840310249918)",Institutional,726983,76701,National Grid
"11428(40.721396964798, -73.741937297268)",Commercial,596996,62986,National Grid
"11203(40.649721601171, -73.934276085673)",Small residential,13346866,1408169,National Grid
"10314(40.596490302985, -74.165991118795)",Small residential,19041165,2008950,National Grid
"11228(40.616540714083, -74.013277847395)",Institutional,278441,29377,National Grid
"11220(40.641184928741, -74.016764726711)",Industrial,2234971,235802,National Grid
"11235(40.578414108824, -73.940260000099)",Commercial,3818158,402837,National Grid
"10038(40.709359291898, -74.003071862376)",Commercial,4135128,436279,ConEd
"10466(40.890809730185, -73.846009063068)",Large Residential,1382332,145844,ConEd
"11357(40.786284041475, -73.811232061011)",Commercial,2399589,253170,ConEd
"10033(40.856219929206, -73.945859000193)",Residential,658126,69436,ConEd
"11370(40.75935377086, -73.8918440004)",Commercial,84349,8899,ConEd
"10459(40.825526216162, -73.893131067844)",Commercial,1859762,196215,ConEd
"10080(40.71445199976, -74.015474999971)",Commercial,359,38,ConEd
"10461(40.846960590359, -73.840632836736)",Large Residential,9651221,1018258,ConEd
"11207(40.670802431187, -73.893841150049)",Commercial,3104972,327592,National Grid
"11427(40.729310574324, -73.750676021281)",Institutional,219049,23111,National Grid
"11432(40.71311535449, -73.792820999789)",Small residential,5707516,602175,National Grid
"11222(40.728253121784, -73.947159783197)",Institutional,2368948,249937,National Grid
"10314(40.596490302985, -74.165991118795)",Commercial,42747652,4510117,National Grid
"10013(40.721242188776, -74.008889000227)",Large Residential,1137066,119967,ConEd
"11428(40.721396964798, -73.741937297268)",Institutional,196563,20738,National Grid
"11355(40.751299796948, -73.821478547897)",Commercial,4323496,456153,ConEd
"11208(40.674013182662, -73.872064930052)",Commercial,2729613,287989,National Grid
"11220(40.641184928741, -74.016764726711)",Commercial,5007824,528353,National Grid
"11103(40.762868930257, -73.91327185811)",Residential,2853904,301103,ConEd
"10451(40.820696407114, -73.923841367985)",Residential,259959,27427,ConEd
"10010(40.739140782121, -73.982898456399)",Commercial,3814933,402497,ConEd
"11377(40.745193764481, -73.90484714408)",Industrial,705930,74480,National Grid
"11372(40.751630739367, -73.883612545283)",Institutional,367432,38766,National Grid
"11207(40.670802431187, -73.893841150049)",Small residential,12107357,1277394,National Grid
"10463(40.881871962821, -73.911207480541)",Residential,507053,53497,ConEd
"10014(40.733586451354, -74.010199604728)",Commercial,17212,1816,ConEd
"11366(40.728164407262, -73.792268173937)",Commercial,636236,67126,ConEd
"11214(40.604011809897, -74.000969000119)",Commercial,3050502,321845,National Grid
"11434(40.676945262114, -73.775306901692)",Institutional,2215716,233770,National Grid
"11411(40.694293339066, -73.735683291251)",Large residential,45368,4787,National Grid
"11366(40.728164407262, -73.792268173937)",Small residential,6521,688,National Grid
"10304(40.591229442585, -74.111328000087)",Large residential,3415047,360307,National Grid
"11423(40.717222295672, -73.76714149998)",Institutional,508795,53681,National Grid
"11222(40.728253121784, -73.947159783197)",Commercial,3484625,367647,National Grid
"11206(40.701912016826, -73.942379198541)",Large residential,22360022,2359108,National Grid
"10460(40.843090348041, -73.87860282506)",Commercial,7936792,837376,ConEd
"11239(40.64949607998, -73.865524999879)",Industrial,11771,1242,National Grid
"10028(40.776344978838, -73.952966679569)",Commercial,4496346,474390,ConEd
"11434(40.676945262114, -73.775306901692)",Industrial,284067,29971,National Grid
"11430(40.647229326173, -73.786374952542)",Small residential,9195,970,National Grid
"10065(40.764301213031, -73.963039935445)",Large Residential,10486338,1106367,ConEd
"10023(40.774536138232, -73.979943356101)",Commercial,10588895,1117188,ConEd
"10302(40.630833311108, -74.137734298699)",Commercial,1185147,125040,National Grid
"11415(40.708286075142, -73.828556121568)",Residential,1303,137,ConEd
"11102(40.771524024514, -73.926435450735)",Large Residential,79519,8390,ConEd
"10028(40.776344978838, -73.952966679569)",Large Residential,420403,44355,ConEd
"11373(40.738710402563, -73.878351155182)",Commercial,3054489,322266,National Grid
"11367(40.730323085042, -73.82610630716)",Residential,2905831,306581,ConEd
"11040(40.745299961824, -73.679631932268)",Commercial,42315,4464,ConEd
"11355(40.751299796948, -73.821478547897)",Commercial,5137322,542016,ConEd
"11420(40.673345242689, -73.817707171649)",Large residential,108873,11487,National Grid
"10018(40.756840774582, -73.996691499813)",Residential,476865,50312,ConEd
"11211(40.711589765256, -73.958176750756)",Residential,,,ConEd
"11370(40.75935377086, -73.8918440004)",Residential,24585,2594,ConEd
"11359(40.791592466119, -73.776938368111)",Commercial,128,13,ConEd
"11355(40.751299796948, -73.821478547897)",Large Residential,2632163,277708,ConEd
"11692(40.59313388562, -73.795402084638)",Commercial,777179,81997,National Grid
"11213(40.671225169206, -73.936443366368)",Industrial,24515,2586,National Grid
"11208(40.674013182662, -73.872064930052)",Institutional,2265878,239063,National Grid
"10011(40.744715266696, -74.00460000029)",Residential,4029369,425121,ConEd
"10014(40.733586451354, -74.010199604728)",Residential,213234,22497,ConEd
"10011(40.744715266696, -74.00460000029)",Commercial,4672054,492928,ConEd
"10028(40.776344978838, -73.952966679569)",Commercial,1684068,177679,ConEd
"10010(40.739140782121, -73.982898456399)",Residential,61263,6464,ConEd
"11230(40.621929510239, -73.965511060187)",Commercial,2318028,244565,National Grid
"11203(40.649721601171, -73.934276085673)",Commercial,2692298,284053,National Grid
"11224(40.576304656335, -73.999532000401)",Industrial,101615,10721,National Grid
"10469(40.868181802748, -73.846568687795)",Residential,623043,65734,ConEd
"10467(40.877047912132, -73.871532500824)",Residential,1242679,131110,ConEd
"11004(40.743237834359, -73.712015000192)",Large Residential,3975637,419452,ConEd
"11242(40.693150000372, -73.991029000388)",Commercial,147434,15555,National Grid
"11104(40.744893366636, -73.920541345307)",Commercial,1377109,145293,ConEd
"10030(40.818435176043, -73.942765303576)",Commercial,879734,92817,ConEd
"11411(40.694293339066, -73.735683291251)",Commercial,262173,27661,National Grid
"10006(40.708256140309, -74.013553569641)",Residential,2076,219,ConEd
"10021(40.769205327664, -73.959183941086)",Residential,185761,19599,ConEd
"11225(40.663170058551, -73.953701109119)",Large residential,12401180,1308394,National Grid
"11209(40.623387097237, -74.030652953471)",Industrial,29677,3131,National Grid
"10308(40.552935295428, -74.151302759814)",Industrial,4178,441,National Grid
"11412(40.698127117473, -73.759235198346)",Small residential,9127477,963000,National Grid
"10025(40.796850127631, -73.963725810598)",Commercial,2954498,311716,ConEd
"11366(40.728164407262, -73.792268173937)",Commercial,4025,425,ConEd
"11371(40.775567374635, -73.870865499743)",Commercial,1381802,145788,National Grid
"10028(40.776344978838, -73.952966679569)",Residential,238163,25128,ConEd
"11433(40.698104881735, -73.787574033914)",Industrial,2449515,258438,National Grid
"10014(40.733586451354, -74.010199604728)",Large Residential,182728,19279,ConEd
"10453(40.852786838342, -73.913426784319)",Residential,785354,82859,ConEd
"10021(40.769205327664, -73.959183941086)",Commercial,3187154,336263,ConEd
"11220(40.641184928741, -74.016764726711)",Small residential,10755271,1134741,National Grid
"10003(40.731943947555, -73.98887214913)",Residential,3229606,340742,ConEd
"11366(40.728164407262, -73.792268173937)",Residential,2205608,232704,ConEd
"10036(40.759346827194, -73.989860554421)",Residential,1350797,142517,ConEd
"10012(40.725538020863, -73.997896410591)",Residential,2706972,285601,ConEd
"10472(40.829730432513, -73.870132131393)",Large Residential,17374,1833,ConEd
"11366(40.728164407262, -73.792268173937)",Commercial,1151855,121527,ConEd
"10311(40.607540999617, -74.171058999973)",Institutional,18255,1926,National Grid
"11208(40.674013182662, -73.872064930052)",Industrial,1481393,156295,National Grid
"11211(40.711589765256, -73.958176750756)",Commercial,4822516,508802,National Grid
"11204(40.619055848049, -73.984798598876)",Industrial,162329,17127,National Grid
"10037(40.813297761083, -73.937282525568)",Commercial,590552,62307,ConEd
"11439(40.72192479939, -73.794555132813)",Commercial,3739,395,ConEd
"10038(40.709359291898, -74.003071862376)",Large Residential,217207,22917,ConEd
"10310(40.632789000212, -74.11645860538)",Large residential,1270998,134097,National Grid
"10069(40.778254000322, -73.988541999913)",Commercial,791481,83506,ConEd
"10040(40.858095531883, -73.929255489949)",Large Residential,186062,19631,ConEd
"10468(40.869693003729, -73.898926992487)",Commercial,7690,811,ConEd
"11103(40.762868930257, -73.91327185811)",Residential,454090,47909,ConEd
"11225(40.663170058551, -73.953701109119)",Commercial,1296975,136838,National Grid
"11215(40.665557251366, -73.979681535574)",Industrial,1488168,157010,National Grid
"11223(40.596939623165, -73.973311472047)",Industrial,159925,16873,National Grid
"10025(40.796850127631, -73.963725810598)",Commercial,21864,2307,ConEd
"11695(40.597608000209, -73.820967000027)",Small residential,6691,706,National Grid
"10460(40.843090348041, -73.87860282506)",Residential,1686599,177946,ConEd
"11203(40.649721601171, -73.934276085673)",Large residential,5413010,571103,National Grid
"11216(40.680758670876, -73.949267750906)",Small residential,6780596,715391,National Grid
"11374(40.726464917022, -73.861480847563)",Industrial,3834,405,National Grid
"10013(40.721242188776, -74.008889000227)",Residential,4372985,461374,ConEd
"10009(40.726649358981, -73.979111485007)",Commercial,2008255,211882,ConEd
"11379(40.71679766548, -73.879334213103)",Commercial,1248717,131747,National Grid
"11415(40.708286075142, -73.828556121568)",Large residential,3021274,318761,National Grid
"11414(40.658170228174, -73.844962639814)",Small residential,6266456,661146,National Grid
"11208(40.674013182662, -73.872064930052)",Large residential,17908171,1889412,National Grid
"10002(40.716121467931, -73.985831470246)",Large Residential,115301,12165,ConEd
"10462(40.842258336653, -73.857996632938)",Large Residential,8264125,871912,ConEd
"10031(40.824954205073, -73.950124436094)",Residential,1748720,184500,ConEd
"11414(40.658170228174, -73.844962639814)",Large residential,2790928,294459,National Grid
"10022(40.758630224006, -73.96809182218)",Residential,122395,12913,ConEd
"11415(40.708286075142, -73.828556121568)",Small residential,1700526,179415,National Grid
"10304(40.591229442585, -74.111328000087)",Industrial,272952,28798,National Grid
"10022(40.758630224006, -73.96809182218)",Commercial,7987371,842712,ConEd
"11429(40.709913120494, -73.738640316098)",Large residential,47307,4991,National Grid
"11435(40.701192649122, -73.809796655791)",Commercial,160509,16935,ConEd
"10462(40.842258336653, -73.857996632938)",Residential,2849924,300683,ConEd
"10468(40.869693003729, -73.898926992487)",Residential,998166,105312,ConEd
"11354(40.768620220647, -73.827190280707)",Large Residential,2040792,215315,ConEd
"11417(40.676363730802, -73.844542755344)",Commercial,777807,82063,National Grid
"10467(40.877047912132, -73.871532500824)",Residential,2670008,281701,ConEd
"11432(40.71311535449, -73.792820999789)",Commercial,2979507,314355,National Grid
"11420(40.673345242689, -73.817707171649)",Institutional,2004714,211509,National Grid
"11221(40.691288039511, -73.927617927925)",Institutional,1174968,123966,National Grid
"10455(40.813535754971, -73.905355252043)",Commercial,1642415,173284,ConEd
"11228(40.616540714083, -74.013277847395)",Commercial,881038,92954,National Grid
"11102(40.771524024514, -73.926435450735)",Residential,311766,32893,ConEd
"11433(40.698104881735, -73.787574033914)",Commercial,26725,2820,ConEd
"11233(40.678130438169, -73.919776475504)",Industrial,88898,9379,National Grid
"10458(40.862601328688, -73.884790015047)",Residential,1321890,139467,ConEd
"10463(40.881871962821, -73.911207480541)",Commercial,2174885,229463,ConEd
"11356(40.784928096754, -73.841810700403)",Commercial,2433066,256702,ConEd
"11231(40.677554311782, -74.004676704366)",Commercial,3743947,395007,National Grid
"11423(40.717222295672, -73.76714149998)",Commercial,71779,7573,ConEd
"11101(40.745702449808, -73.938669029252)",Large Residential,11435850,1206546,ConEd
"11412(40.698127117473, -73.759235198346)",Industrial,164379,17343,National Grid
"11354(40.768620220647, -73.827190280707)",Residential,4101823,432765,ConEd
"10010(40.739140782121, -73.982898456399)",Residential,1026844,108338,ConEd
"11357(40.786284041475, -73.811232061011)",Small residential,589,62,National Grid
"11204(40.619055848049, -73.984798598876)",Large residential,4614998,486908,National Grid
"10038(40.709359291898, -74.003071862376)",Residential,430776,45449,ConEd
"10462(40.842258336653, -73.857996632938)",Commercial,2619354,276356,ConEd
"11220(40.641184928741, -74.016764726711)",Institutional,625816,66027,National Grid
"11232(40.654511617018, -74.000033929122)",Small residential,2619957,276420,National Grid
"11412(40.698127117473, -73.759235198346)",Institutional,1496825,157923,National Grid
"10468(40.869693003729, -73.898926992487)",Large Residential,2590340,273295,ConEd
"11364(40.74592468038, -73.757902755608)",Small residential,1463,154,National Grid
"10003(40.731943947555, -73.98887214913)",Large Residential,495206,52247,ConEd
"10311(40.607540999617, -74.171058999973)",Commercial,55290,5833,National Grid
"11419(40.688713790409, -73.822888330532)",Institutional,150090,15835,National Grid
"10453(40.852786838342, -73.913426784319)",Commercial,1766420,186367,ConEd
"10307(40.508004527487, -74.242114281948)",Industrial,1870,197,National Grid
"10035(40.793817035428, -73.919317500202)",Residential,1478698,156011,ConEd
"10019(40.76761164716, -73.991805500224)",Commercial,5022063,529856,ConEd
"11375(40.72070726303, -73.846284296083)",Commercial,2724624,287463,National Grid
"10017(40.752456527447, -73.97297648088)",Residential,23970,2529,ConEd
"11208(40.674013182662, -73.872064930052)",Small residential,12293703,1297055,National Grid
"11369(40.763413273704, -73.872378898667)",Small residential,5658707,597025,National Grid
"10458(40.862601328688, -73.884790015047)",Commercial,2860723,301822,ConEd
"11231(40.677554311782, -74.004676704366)",Large residential,8892620,938221,National Grid
"11201(40.694678258795, -73.989920868353)",Institutional,4499131,474684,National Grid
"10461(40.846960590359, -73.840632836736)",Commercial,313,33,ConEd
"11213(40.671225169206, -73.936443366368)",Small residential,5855036,617739,National Grid
"11371(40.775567374635, -73.870865499743)",Industrial,1707,180,National Grid
"11429(40.709913120494, -73.738640316098)",Institutional,1416594,149459,National Grid
"11435(40.701192649122, -73.809796655791)",Industrial,85671,9039,National Grid
"10009(40.726649358981, -73.979111485007)",Commercial,8554651,902564,ConEd
"10035(40.793817035428, -73.919317500202)",Commercial,6691182,705957,ConEd
"10470(40.900127971928, -73.87122775026)",Commercial,878692,92707,ConEd
"10454(40.805846930092, -73.916285046518)",Commercial,9709459,1024402,ConEd
"11691(40.600614338481, -73.762567774683)",Small residential,7887704,832197,National Grid
"10040(40.858095531883, -73.929255489949)",Residential,515640,54403,ConEd
"11218(40.64322700852, -73.976448622106)",Small residential,9322895,983618,National Grid
"10312(40.542955977337, -74.180376817236)",Small residential,16356892,1725744,National Grid
"10468(40.869693003729, -73.898926992487)",Commercial,4380584,462176,ConEd
"10310(40.632789000212, -74.11645860538)",Commercial,1837495,193866,National Grid
"11427(40.729310574324, -73.750676021281)",Small residential,2286768,241267,National Grid
"11418(40.696370412365, -73.840310249918)",Small residential,6229973,657297,National Grid
"10018(40.756840774582, -73.996691499813)",Large Residential,526802,55581,ConEd
"11216(40.680758670876, -73.949267750906)",Commercial,1795793,189466,National Grid
"11354(40.768620220647, -73.827190280707)",Commercial,7429045,783806,ConEd
"10012(40.725538020863, -73.997896410591)",Commercial,6584,695,ConEd
"11429(40.709913120494, -73.738640316098)",Small residential,5893890,621838,National Grid
"10029(40.791610720558, -73.944032281065)",Commercial,,,ConEd
"10456(40.830436680009, -73.907765199504)",Commercial,2957732,312057,ConEd
"11373(40.738710402563, -73.878351155182)",Industrial,159820,16862,National Grid
"10454(40.805846930092, -73.916285046518)",Residential,1001876,105704,ConEd
"10462(40.842258336653, -73.857996632938)",Residential,700617,73919,ConEd
"10039(40.826681928628, -73.937770907801)",Commercial,,,ConEd
"11229(40.601233507321, -73.944368541175)",Industrial,141426,14921,National Grid
"10035(40.793817035428, -73.919317500202)",Large Residential,1531490,161581,ConEd
"10039(40.826681928628, -73.937770907801)",Commercial,7605045,802375,ConEd
"10004(40.688827825344, -74.019112505837)",Large Residential,5877,620,ConEd
"11368(40.749678220374, -73.853040688577)",Industrial,508926,53695,National Grid
"11234(40.61636866748, -73.927732249743)",Industrial,657191,69337,National Grid
"11430(40.647229326173, -73.786374952542)",Institutional,2611959,275576,National Grid
"10018(40.756840774582, -73.996691499813)",Commercial,3808435,401811,ConEd
"11102(40.771524024514, -73.926435450735)",Residential,1941012,204788,ConEd
"10471(40.901994423104, -73.903626500562)",Large Residential,56954,6009,ConEd
"11362(40.759074216602, -73.734300177111)",Commercial,647115,68274,ConEd
"11373(40.738710402563, -73.878351155182)",Small residential,10736218,1132731,National Grid
"10011(40.744715266696, -74.00460000029)",Commercial,1970,208,ConEd
"10029(40.791610720558, -73.944032281065)",Commercial,14817079,1563285,ConEd
"11378(40.721453104977, -73.908543500682)",Small residential,7366479,777205,National Grid
"11210(40.627722263871, -73.946537919989)",Large residential,6310191,665760,National Grid
"11232(40.654511617018, -74.000033929122)",Large residential,2048639,216143,National Grid
"11356(40.784928096754, -73.841810700403)",Large Residential,11747,1239,ConEd
"11217(40.682312101322, -73.979567188575)",Institutional,769153,81150,National Grid
"11373(40.738710402563, -73.878351155182)",Large residential,9562956,1008945,National Grid
"10475(40.874142343794, -73.827068565562)",Residential,359517,37931,ConEd
"11235(40.578414108824, -73.940260000099)",Industrial,44596,4705,National Grid
"11378(40.721453104977, -73.908543500682)",Institutional,3127131,329930,National Grid
"11225(40.663170058551, -73.953701109119)",Industrial,567743,59900,National Grid
"10020(40.759498513146, -73.980074397216)",Commercial,263276,27777,ConEd
"11379(40.71679766548, -73.879334213103)",Institutional,337862,35646,National Grid
"10305(40.596184688173, -74.075072384883)",Industrial,1040978,109829,National Grid
"11436(40.675718209128, -73.796465014948)",Commercial,275889,29108,National Grid
"10014(40.733586451354, -74.010199604728)",Commercial,3569148,376565,ConEd
"10029(40.791610720558, -73.944032281065)",Residential,242271,25561,ConEd
"10471(40.901994423104, -73.903626500562)",Commercial,1183226,124837,ConEd
"10032(40.836930349056, -73.949178521971)",Residential,717065,75654,ConEd
"11211(40.711589765256, -73.958176750756)",Large residential,12471511,1315814,National Grid
"10303(40.633032309993, -74.16834884982)",Industrial,27422,2893,National Grid
"11106(40.761699790013, -73.931663252957)",Residential,350151,36943,ConEd
"11423(40.717222295672, -73.76714149998)",Large residential,1922380,202822,National Grid
"11234(40.61636866748, -73.927732249743)",Large residential,5240504,552903,National Grid
"10304(40.591229442585, -74.111328000087)",Small residential,8802763,928741,National Grid
"11213(40.671225169206, -73.936443366368)",Commercial,1724052,181897,National Grid
"11354(40.768620220647, -73.827190280707)",Small residential,2080,219,National Grid
"11221(40.691288039511, -73.927617927925)",Small residential,10226769,1078981,National Grid
"10024(40.783625568166, -73.966539000574)",Commercial,5356180,565107,ConEd
"11105(40.780092072491, -73.90960650024)",Residential,403403,42561,ConEd
"11226(40.646505002304, -73.957190099144)",Large residential,19482081,2055469,National Grid
"10075(40.772939491764, -73.956090162631)",Commercial,,,ConEd
"11368(40.749678220374, -73.853040688577)",Commercial,4130867,435830,National Grid
"11364(40.74592468038, -73.757902755608)",Large Residential,1201058,126718,ConEd
"11367(40.730323085042, -73.82610630716)",Residential,321417,33911,ConEd
"10004(40.688827825344, -74.019112505837)",Residential,54549,5755,ConEd
"10036(40.759346827194, -73.989860554421)",Commercial,7837223,826871,ConEd
"11040(40.745299961824, -73.679631932268)",Commercial,1051227,110910,ConEd
"11224(40.576304656335, -73.999532000401)",Commercial,2484705,262150,National Grid
"11201(40.694678258795, -73.989920868353)",Large residential,18973029,2001761,National Grid
"10308(40.552935295428, -74.151302759814)",Institutional,98774,10421,National Grid
"11362(40.759074216602, -73.734300177111)",Residential,85444,9015,ConEd
"11434(40.676945262114, -73.775306901692)",Small residential,10076855,1063165,National Grid
"11361(40.764188848137, -73.7723255286)",Large Residential,446965,47157,ConEd
"11360(40.780701334399, -73.782267336868)",Commercial,486382,51316,ConEd
"11214(40.604011809897, -74.000969000119)",Small residential,12807919,1351307,National Grid
"11413(40.669711181226, -73.750873933285)",Large residential,112283,11846,National Grid
"11415(40.708286075142, -73.828556121568)",Institutional,580482,61244,National Grid
"10005(40.706125792072, -74.008584685835)",Commercial,1419854,149803,ConEd
"10024(40.783625568166, -73.966539000574)",Large Residential,215638,22751,ConEd
"11413(40.669711181226, -73.750873933285)",Small residential,10114455,1067132,National Grid
"10469(40.868181802748, -73.846568687795)",Commercial,2237093,236026,ConEd
"11372(40.751630739367, -73.883612545283)",Small residential,3273710,345395,National Grid
"11694(40.576578305644, -73.850777000558)",Large residential,1573127,165974,National Grid
"11361(40.764188848137, -73.7723255286)",Residential,4283479,451931,ConEd
"10069(40.778254000322, -73.988541999913)",Commercial,2123051,223994,ConEd
"10019(40.76761164716, -73.991805500224)",Large Residential,1239760,130802,ConEd
"11365(40.739871843711, -73.794621535156)",Large residential,4277,451,National Grid
"10475(40.874142343794, -73.827068565562)",Large Residential,16694182,1761330,ConEd
"10075(40.772939491764, -73.956090162631)",Large Residential,73358,7740,ConEd
"10312(40.542955977337, -74.180376817236)",Large residential,3034,320,National Grid
"10309(40.530393118348, -74.218938614326)",Commercial,1195656,126148,National Grid
"11377(40.745193764481, -73.90484714408)",Large Residential,91130,9615,ConEd
"11229(40.601233507321, -73.944368541175)",Commercial,1993920,210370,National Grid
"11365(40.739871843711, -73.794621535156)",Commercial,963,102,National Grid
"11232(40.654511617018, -74.000033929122)",Industrial,13048581,1376698,National Grid
"10009(40.726649358981, -73.979111485007)",Large Residential,44314,4675,ConEd
"11241(40.693288999588, -73.990626999836)",Small residential,947,100,National Grid
"11004(40.743237834359, -73.712015000192)",Residential,1358168,143294,ConEd
"10023(40.774536138232, -73.979943356101)",Residential,3911782,412715,ConEd
"11241(40.693288999588, -73.990626999836)",Commercial,184,19,National Grid
"11385(40.701224891615, -73.88334858437)",Institutional,1245917,131451,National Grid
"11365(40.739871843711, -73.794621535156)",Residential,4511563,475995,ConEd
"11212(40.662797169953, -73.912984894337)",Industrial,3623309,382279,National Grid
"11234(40.61636866748, -73.927732249743)",Small residential,22219097,2344239,National Grid
"10452(40.837724263364, -73.923332211412)",Residential,786394,82969,ConEd
"11105(40.780092072491, -73.90960650024)",Residential,3098073,326864,ConEd
"11237(40.704095739827, -73.920994233997)",Small residential,3804248,401369,National Grid
"11419(40.688713790409, -73.822888330532)",Small residential,8591091,906408,National Grid
"10306(40.566020489654, -74.119945669057)",Large residential,1744540,184059,National Grid
"11436(40.675718209128, -73.796465014948)",Institutional,220564,23271,National Grid
"10025(40.796850127631, -73.963725810598)",Residential,3408769,359644,ConEd
"11365(40.739871843711, -73.794621535156)",Commercial,5329748,562318,ConEd
"10455(40.813535754971, -73.905355252043)",Commercial,4937392,520923,ConEd
"11436(40.675718209128, -73.796465014948)",Small residential,4012282,423318,National Grid
"11377(40.745193764481, -73.90484714408)",Commercial,311084,32821,ConEd
"10473(40.817731470931, -73.860537000082)",Commercial,8638721,911433,ConEd
"10309(40.530393118348, -74.218938614326)",Institutional,579303,61120,National Grid
"10033(40.856219929206, -73.945859000193)",Commercial,3904,412,ConEd
"11435(40.701192649122, -73.809796655791)",Residential,427854,45141,ConEd
"11366(40.728164407262, -73.792268173937)",Residential,154642,16316,ConEd
"10033(40.856219929206, -73.945859000193)",Large Residential,90934,9594,ConEd
"11432(40.71311535449, -73.792820999789)",Large residential,6817221,719255,National Grid
"10021(40.769205327664, -73.959183941086)",Large Residential,180776,19073,ConEd
"11418(40.696370412365, -73.840310249918)",Industrial,1146988,121014,National Grid
"10128(40.781770000585, -73.95062814907)",Large Residential,220365,23250,ConEd
"10032(40.836930349056, -73.949178521971)",Commercial,1952524,206002,ConEd
"11374(40.726464917022, -73.861480847563)",Large residential,9176417,968163,National Grid
"10040(40.858095531883, -73.929255489949)",Residential,445116,46962,ConEd
"10307(40.508004527487, -74.242114281948)",Small residential,3667832,386977,National Grid
"11210(40.627722263871, -73.946537919989)",Small residential,11755834,1240306,National Grid
"11375(40.72070726303, -73.846284296083)",Small residential,7403805,781143,National Grid
"11001(40.721390004945, -73.707396928425)",Residential,53094,5602,ConEd
"10003(40.731943947555, -73.98887214913)",Commercial,8855716,934328,ConEd
"11428(40.721396964798, -73.741937297268)",Commercial,19477,2055,ConEd
"10019(40.76761164716, -73.991805500224)",Residential,124706,13157,ConEd
"10456(40.830436680009, -73.907765199504)",Large Residential,161363,17025,ConEd
"10282(40.719614557066, -74.014649282938)",Commercial,508119,53609,ConEd
"11223(40.596939623165, -73.973311472047)",Large residential,7349231,775385,National Grid
"11427(40.729310574324, -73.750676021281)",Residential,77967,8226,ConEd
"11104(40.744893366636, -73.920541345307)",Large Residential,226694,23917,ConEd
"11212(40.662797169953, -73.912984894337)",Large residential,25048890,2642798,National Grid
"10304(40.591229442585, -74.111328000087)",Institutional,606346,63973,National Grid
"10303(40.633032309993, -74.16834884982)",Institutional,163704,17272,National Grid
"11001(40.721390004945, -73.707396928425)",Commercial,79704,8409,ConEd
"10075(40.772939491764, -73.956090162631)",Commercial,1145955,120905,ConEd
"10455(40.813535754971, -73.905355252043)",Large Residential,51911,5477,ConEd
"11206(40.701912016826, -73.942379198541)",Industrial,593089,62574,National Grid
"11101(40.745702449808, -73.938669029252)",Residential,1144993,120803,ConEd
"11233(40.678130438169, -73.919776475504)",Institutional,1165816,123000,National Grid
"11226(40.646505002304, -73.957190099144)",Small residential,6406707,675943,National Grid
"11215(40.665557251366, -73.979681535574)",Institutional,675011,71217,National Grid
"10471(40.901994423104, -73.903626500562)",Commercial,6866,724,ConEd
"11414(40.658170228174, -73.844962639814)",Institutional,116362,12277,National Grid
"11236(40.640021493797, -73.901121939926)",Large residential,11489554,1212212,National Grid
"11416(40.684578097002, -73.849601668482)",Small residential,5019507,529586,National Grid
"11377(40.745193764481, -73.90484714408)",Small residential,7978253,841750,National Grid
"11210(40.627722263871, -73.946537919989)",Commercial,1224750,129218,National Grid
"11229(40.601233507321, -73.944368541175)",Institutional,447194,47181,National Grid
"11207(40.670802431187, -73.893841150049)",Large residential,18203649,1920587,National Grid
"11102(40.771524024514, -73.926435450735)",Commercial,1778170,187607,ConEd
"11219(40.632772955408, -73.996676811186)",Institutional,1076397,113566,National Grid
"11411(40.694293339066, -73.735683291251)",Small residential,5417452,571572,National Grid
"10305(40.596184688173, -74.075072384883)",Commercial,1902540,200729,National Grid
"10013(40.721242188776, -74.008889000227)",Commercial,7261765,766157,ConEd
"10309(40.530393118348, -74.218938614326)",Large residential,13184,1391,National Grid
"11377(40.745193764481, -73.90484714408)",Large residential,9466158,998733,National Grid
"10457(40.845798371298, -73.898324186812)",Residential,779330,82224,ConEd
"11427(40.729310574324, -73.750676021281)",Residential,1373653,144928,ConEd
"10005(40.706125792072, -74.008584685835)",Commercial,382037,40307,ConEd
"11369(40.763413273704, -73.872378898667)",Industrial,8824,931,National Grid
"11204(40.619055848049, -73.984798598876)",Institutional,892032,94114,National Grid
"10474(40.810882923108, -73.882356362356)",Residential,558002,58872,ConEd
"10470(40.900127971928, -73.87122775026)",Residential,1431048,150984,ConEd
"11421(40.691764587566, -73.85702228585)",Commercial,743600,78454,National Grid
"10301(40.626785508445, -74.096112910882)",Industrial,42909,4527,National Grid
"11364(40.74592468038, -73.757902755608)",Commercial,3008945,317461,ConEd
"10011(40.744715266696, -74.00460000029)",Residential,192654,20326,ConEd
"11369(40.763413273704, -73.872378898667)",Large residential,1688743,178172,National Grid
"10037(40.813297761083, -73.937282525568)",Large Residential,4228025,446080,ConEd
"10024(40.783625568166, -73.966539000574)",Commercial,1822842,192320,ConEd
"10005(40.706125792072, -74.008584685835)",Residential,265,28,ConEd
"11422(40.661613493968, -73.736051726406)",Industrial,13360,1410,National Grid
"10468(40.869693003729, -73.898926992487)",Commercial,3511905,370526,ConEd
"11411(40.694293339066, -73.735683291251)",Institutional,316866,33431,National Grid
"10031(40.824954205073, -73.950124436094)",Commercial,1901756,200646,ConEd
"11238(40.67886241347, -73.963820469639)",Small residential,5094432,537491,National Grid
"11434(40.676945262114, -73.775306901692)",Residential,,,ConEd
"11243(40.685030000035, -73.978075000161)",Large residential,201530,21263,National Grid
"11236(40.640021493797, -73.901121939926)",Institutional,839695,88593,National Grid
"10285(40.711871000346, -74.014402999998)",Commercial,41397,4368,ConEd
"11204(40.619055848049, -73.984798598876)",Commercial,1607460,169596,National Grid
"10302(40.630833311108, -74.137734298699)",Industrial,6464,682,National Grid
"10452(40.837724263364, -73.923332211412)",Large Residential,93786,9895,ConEd
"10282(40.719614557066, -74.014649282938)",Residential,33268,3510,ConEd
"11004(40.743237834359, -73.712015000192)",Residential,132722,14003,ConEd
"10018(40.756840774582, -73.996691499813)",Commercial,2082396,219704,ConEd
"11434(40.676945262114, -73.775306901692)",Commercial,,,ConEd
"10026(40.803058121635, -73.953342776048)",Residential,148829,15702,ConEd
"10465(40.827628067581, -73.822413141353)",Commercial,3489361,368147,ConEd
"10457(40.845798371298, -73.898324186812)",Large Residential,182574,19263,ConEd
"10303(40.633032309993, -74.16834884982)",Large residential,1519719,160339,National Grid
"11695(40.597608000209, -73.820967000027)",Commercial,29091,3069,National Grid
"11414(40.658170228174, -73.844962639814)",Industrial,4334,457,National Grid
"11218(40.64322700852, -73.976448622106)",Institutional,342884,36176,National Grid
"11228(40.616540714083, -74.013277847395)",Small residential,9926950,1047349,National Grid
"10017(40.752456527447, -73.97297648088)",Commercial,3708661,391284,ConEd
"11373(40.738710402563, -73.878351155182)",Institutional,2030783,214259,National Grid
"11415(40.708286075142, -73.828556121568)",Commercial,462,49,ConEd
"10465(40.827628067581, -73.822413141353)",Residential,315919,33331,ConEd
"10016(40.745242969987, -73.978232985864)",Residential,111236,11736,ConEd
"10128(40.781770000585, -73.95062814907)",Commercial,2051345,216428,ConEd
"11416(40.684578097002, -73.849601668482)",Institutional,277779,29307,National Grid
"10454(40.805846930092, -73.916285046518)",Large Residential,,,ConEd
"10464(40.875709096797, -73.812297250418)",Commercial,312764,32998,ConEd
"11432(40.71311535449, -73.792820999789)",Commercial,1277032,134734,ConEd
"10016(40.745242969987, -73.978232985864)",Residential,1501042,158368,ConEd
"11362(40.759074216602, -73.734300177111)",Commercial,2594439,273728,ConEd
"10466(40.890809730185, -73.846009063068)",Commercial,6931173,731278,ConEd
"10309(40.530393118348, -74.218938614326)",Industrial,1230604,129836,National Grid
"10128(40.781770000585, -73.95062814907)",Residential,2367827,249819,ConEd
"11207(40.670802431187, -73.893841150049)",Institutional,3278246,345873,National Grid
"10460(40.843090348041, -73.87860282506)",Residential,469613,49547,ConEd
"11233(40.678130438169, -73.919776475504)",Small residential,8291426,874792,National Grid
"11692(40.59313388562, -73.795402084638)",Large residential,983881,103805,National Grid
"10307(40.508004527487, -74.242114281948)",Large residential,21125,2229,National Grid
"11106(40.761699790013, -73.931663252957)",Commercial,4841650,510821,ConEd
"11362(40.759074216602, -73.734300177111)",Small residential,336,35,National Grid
"10473(40.817731470931, -73.860537000082)",Large Residential,13657,1441,ConEd
"10469(40.868181802748, -73.846568687795)",Residential,7945664,838312,ConEd
"11691(40.600614338481, -73.762567774683)",Large residential,7229588,762762,National Grid
"11231(40.677554311782, -74.004676704366)",Industrial,352339,37174,National Grid
"10028(40.776344978838, -73.952966679569)",Residential,1619890,170908,ConEd
"10453(40.852786838342, -73.913426784319)",Commercial,7851638,828392,ConEd
"11216(40.680758670876, -73.949267750906)",Large residential,6405467,675813,National Grid
"11219(40.632772955408, -73.996676811186)",Large residential,4862069,512976,National Grid
"10018(40.756840774582, -73.996691499813)",Commercial,,,ConEd
"11215(40.665557251366, -73.979681535574)",Small residential,9903140,1044837,National Grid
"10031(40.824954205073, -73.950124436094)",Residential,607749,64121,ConEd
"10031(40.824954205073, -73.950124436094)",Large Residential,1034833,109181,ConEd
"11238(40.67886241347, -73.963820469639)",Industrial,228912,24151,National Grid
"11377(40.745193764481, -73.90484714408)",Residential,74199,7828,ConEd
"10024(40.783625568166, -73.966539000574)",Residential,403600,42582,ConEd
"11435(40.701192649122, -73.809796655791)",Institutional,865115,91274,National Grid
"10029(40.791610720558, -73.944032281065)",Large Residential,10842289,1143922,ConEd
"11365(40.739871843711, -73.794621535156)",Large Residential,57283,6044,ConEd
"11434(40.676945262114, -73.775306901692)",Large residential,38846378,4098510,National Grid
"11221(40.691288039511, -73.927617927925)",Large residential,8523704,899299,National Grid
"10474(40.810882923108, -73.882356362356)",Commercial,3122702,329463,ConEd
